{
  "took" : 13,
  "timed_out" : false,
  "_shards" : {
    "total" : 5,
    "successful" : 5,
    "failed" : 0
  },
  "hits" : {
    "total" : 3985,
    "max_score" : 1.449259,
    "hits" : [ {
      "_index" : "hpc",
      "_type" : "data",
      "_id" : "54cb0950d595672946e5dd86",
      "_score" : 1.449259,
      "_source":{"diachi":"Kiến Hưng, Hà Đông","loaibds":"Bán đất nền dự án (đất trong dự án quy hoạch)","dientich":"60m²","location":{"formatted_address":"Kiến Hưng, Hà Đông, Hà Nội, Vietnam","types":["sublocality_level_1","sublocality","political"],"geometry":{"viewport":{"southwest":{"lng":105.7696831,"lat":20.9391462},"northeast":{"lng":105.8042484,"lat":20.9633432}},"bounds":{"southwest":{"lng":105.7696831,"lat":20.9391462},"northeast":{"lng":105.8042484,"lat":20.9633432}},"location":{"lng":105.7850022,"lat":20.9528073},"location_type":"APPROXIMATE"},"address_components":[{"long_name":"Kiến Hưng","types":["sublocality_level_1","sublocality","political"],"short_name":"Kiến Hưng"},{"long_name":"Hà Đông","types":["administrative_area_level_2","political"],"short_name":"Hà Đông"},{"long_name":"Hà Nội","types":["administrative_area_level_1","political"],"short_name":"Hà Nội"},{"long_name":"Vietnam","types":["country","political"],"short_name":"VN"}]},"_id":"54cb0950d595672946e5dd86","url":"http://batdongsan.com.vn/ban-dat-nen-du-an-duong-kien-hung-15/lk5l7-mau-luong-pr5062424","gia":"38 triệu/m²"}
    }, {
      "_index" : "hpc",
      "_type" : "data",
      "_id" : "54cb01d8d595672946e5d401",
      "_score" : 1.3946043,
      "_source":{"diachi":"Bắc Ninh, Bắc Ninh","loaibds":"Bán đất nền dự án (đất trong dự án quy hoạch)","dientich":"345m²","location":{"formatted_address":"Bac Ninh Province, Vietnam","types":["administrative_area_level_1","political"],"geometry":{"viewport":{"southwest":{"lng":105.9041419,"lat":20.969552},"northeast":{"lng":106.3089509,"lat":21.263603}},"bounds":{"southwest":{"lng":105.9041419,"lat":20.969552},"northeast":{"lng":106.3089509,"lat":21.263603}},"location":{"lng":106.1110501,"lat":21.121444},"location_type":"APPROXIMATE"},"address_components":[{"long_name":"Bac Ninh Province","types":["administrative_area_level_1","political"],"short_name":"Bac Ninh Province"},{"long_name":"Vietnam","types":["country","political"],"short_name":"VN"}]},"_id":"54cb01d8d595672946e5d401","url":"http://batdongsan.com.vn/ban-dat-nen-du-an-bac-ninh-bn/can-gap-lo-biet-thu-345m2-tai-khu-do-thi-moi-nam-vo-cuong-gia-re-pr6437332","gia":"5.5 triệu/m²"}
    }, {
      "_index" : "hpc",
      "_type" : "data",
      "_id" : "54cb098ad595672946e5ddc8",
      "_score" : 1.3266265,
      "_source":{"diachi":"Dự án Dương Nội, Hà Đông, Hà Nội","loaibds":"Bán đất nền dự án (đất trong dự án quy hoạch)","dientich":"50m²","location":{"formatted_address":"Dương Nội, Hà Đông, Hà Nội, Vietnam","types":["sublocality_level_1","sublocality","political"],"partial_match":true,"geometry":{"viewport":{"southwest":{"lng":105.7295895,"lat":20.9625617},"northeast":{"lng":105.7595444,"lat":20.9967818}},"bounds":{"southwest":{"lng":105.7295895,"lat":20.9625617},"northeast":{"lng":105.7595444,"lat":20.9967818}},"location":{"lng":105.7439194,"lat":20.979868},"location_type":"APPROXIMATE"},"address_components":[{"long_name":"Dương Nội","types":["sublocality_level_1","sublocality","political"],"short_name":"Dương Nội"},{"long_name":"Hà Đông","types":["administrative_area_level_2","political"],"short_name":"Hà Đông"},{"long_name":"Hà Nội","types":["administrative_area_level_1","political"],"short_name":"Hà Nội"},{"long_name":"Vietnam","types":["country","political"],"short_name":"VN"}]},"_id":"54cb098ad595672946e5ddc8","url":"http://batdongsan.com.vn/ban-dat-nen-du-an-pho-le-trong-tan-prj-khu-do-thi-moi-duong-noi/gia-dinh-minh-can-dich-vu-chinh-chu-16-17-nhin-ra-benh-vien-quoc-te-pr6472138","gia":"Thỏa thuận"}
    }, {
      "_index" : "hpc",
      "_type" : "data",
      "_id" : "54cb0705d595672946e5d9e9",
      "_score" : 1.303782,
      "_source":{"diachi":"Dự án An Gia Garden, Tân Phú, Hồ Chí Minh","loaibds":"Bán đất nền dự án (đất trong dự án quy hoạch)","dientich":"Không xác định","location":{"formatted_address":"Tân Phú, Quận 7, Hồ Chí Minh, Vietnam","types":["sublocality_level_1","sublocality","political"],"partial_match":true,"geometry":{"viewport":{"southwest":{"lng":106.7121219,"lat":10.7119417},"northeast":{"lng":106.7366503,"lat":10.7384078}},"bounds":{"southwest":{"lng":106.7121219,"lat":10.7119417},"northeast":{"lng":106.7366503,"lat":10.7384078}},"location":{"lng":106.7264125,"lat":10.7251014},"location_type":"APPROXIMATE"},"address_components":[{"long_name":"Tân Phú","types":["sublocality_level_1","sublocality","political"],"short_name":"Tân Phú"},{"long_name":"Quận 7","types":["administrative_area_level_2","political"],"short_name":"Quận 7"},{"long_name":"Hồ Chí Minh","types":["administrative_area_level_1","political"],"short_name":"Hồ Chí Minh"},{"long_name":"Vietnam","types":["country","political"],"short_name":"VN"}]},"_id":"54cb0705d595672946e5d9e9","url":"http://batdongsan.com.vn/ban-dat-nen-du-an-duong-tan-ky-tan-quy-prj-an-gia-garden/can-lai-lo-e-09-van-phuc-29-5tr-m2-chuan-5-sao-lh-0903-84-64-88-de-xem-pr5783379","gia":"29 triệu/m²"}
    }, {
      "_index" : "hpc",
      "_type" : "data",
      "_id" : "54cb0236d595672946e5d454",
      "_score" : 1.3020836,
      "_source":{"diachi":"Dự án Đông Tăng Long, Quận 9, Hồ Chí Minh","loaibds":"Bán đất nền dự án (đất trong dự án quy hoạch)","dientich":"Không xác định","location":{"formatted_address":"District 9, Ho Chi Minh, Vietnam","types":["administrative_area_level_2","political"],"partial_match":true,"geometry":{"viewport":{"southwest":{"lng":106.7569617,"lat":10.75981},"northeast":{"lng":106.8810632,"lat":10.9010897}},"bounds":{"southwest":{"lng":106.7569617,"lat":10.75981},"northeast":{"lng":106.8810632,"lat":10.9010897}},"location":{"lng":106.8286851,"lat":10.8428402},"location_type":"APPROXIMATE"},"address_components":[{"long_name":"District 9","types":["administrative_area_level_2","political"],"short_name":"District 9"},{"long_name":"Ho Chi Minh","types":["administrative_area_level_1","political"],"short_name":"Ho Chi Minh"},{"long_name":"Vietnam","types":["country","political"],"short_name":"VN"}]},"_id":"54cb0236d595672946e5d454","url":"http://batdongsan.com.vn/ban-dat-nen-du-an-duong-nguyen-duy-trinh-phuong-truong-thanh-prj-khu-do-thi-moi-dong-tang-long/ng-quy-mo-dac-dia-nhat-quan-9-pr5747632","gia":"6.9 triệu/m²"}
    }, {
      "_index" : "hpc",
      "_type" : "data",
      "_id" : "54cb097fd595672946e5ddb4",
      "_score" : 1.2985893,
      "_source":{"diachi":"Dự án Văn Quán, Hà Đông, Hà Nội","loaibds":"Bán đất nền dự án (đất trong dự án quy hoạch)","dientich":"59m²","location":{"formatted_address":"Văn Quán, Hà Đông, Hà Nội, Vietnam","types":["sublocality_level_1","sublocality","political"],"partial_match":true,"geometry":{"viewport":{"southwest":{"lng":105.7801222,"lat":20.970877},"northeast":{"lng":105.7999384,"lat":20.9862793}},"bounds":{"southwest":{"lng":105.7801222,"lat":20.970877},"northeast":{"lng":105.7999384,"lat":20.9862793}},"location":{"lng":105.7923394,"lat":20.9796446},"location_type":"APPROXIMATE"},"address_components":[{"long_name":"Văn Quán","types":["sublocality_level_1","sublocality","political"],"short_name":"Văn Quán"},{"long_name":"Hà Đông","types":["administrative_area_level_2","political"],"short_name":"Hà Đông"},{"long_name":"Hà Nội","types":["administrative_area_level_1","political"],"short_name":"Hà Nội"},{"long_name":"Vietnam","types":["country","political"],"short_name":"VN"}]},"_id":"54cb097fd595672946e5ddb4","url":"http://batdongsan.com.vn/ban-dat-nen-du-an-duong-van-quan-phuong-van-quan-prj-khu-do-thi-moi-van-quan/phan-lo-ha-dong-59m2-gia-4ty-via-he-o-to-vao-nha-pr5850792","gia":"4 tỷ"}
    }, {
      "_index" : "hpc",
      "_type" : "data",
      "_id" : "54cb06bed595672946e5d979",
      "_score" : 1.2985893,
      "_source":{"diachi":"Dự án Việt Hưng, Long Biên, Hà Nội","loaibds":"Bán đất nền dự án (đất trong dự án quy hoạch)","dientich":"88m²","location":{"formatted_address":"Việt Hưng, Long Biên, Hà Nội, Vietnam","types":["sublocality_level_1","sublocality","political"],"partial_match":true,"geometry":{"viewport":{"southwest":{"lng":105.8899481,"lat":21.0408276},"northeast":{"lng":105.9159385,"lat":21.0668604}},"bounds":{"southwest":{"lng":105.8899481,"lat":21.0408276},"northeast":{"lng":105.9159385,"lat":21.0668604}},"location":{"lng":105.9024322,"lat":21.0575538},"location_type":"APPROXIMATE"},"address_components":[{"long_name":"Việt Hưng","types":["sublocality_level_1","sublocality","political"],"short_name":"Việt Hưng"},{"long_name":"Long Biên","types":["administrative_area_level_2","political"],"short_name":"Long Biên"},{"long_name":"Hà Nội","types":["administrative_area_level_1","political"],"short_name":"Hà Nội"},{"long_name":"Vietnam","types":["country","political"],"short_name":"VN"}]},"_id":"54cb06bed595672946e5d979","url":"http://batdongsan.com.vn/ban-dat-nen-du-an-pho-le-mat-phuong-viet-hung-2-prj-khu-do-thi-viet-hung/phan-lo-quan-long-bien-pr6407408","gia":"47 triệu/m²"}
    }, {
      "_index" : "hpc",
      "_type" : "data",
      "_id" : "54cb06bed595672946e5d97a",
      "_score" : 1.2985893,
      "_source":{"diachi":"Dự án Vinhomes Riverside, Long Biên, Hà Nội","loaibds":"Bán đất nền dự án (đất trong dự án quy hoạch)","dientich":"80m²","location":{"formatted_address":"Vinhomes Riverside, Phúc Lợi, Long Biên, Hanoi, Vietnam","types":["neighborhood","political"],"partial_match":true,"geometry":{"viewport":{"southwest":{"lng":105.9069585,"lat":21.0365218},"northeast":{"lng":105.9241247,"lat":21.0560673}},"bounds":{"southwest":{"lng":105.9069585,"lat":21.0365218},"northeast":{"lng":105.9241247,"lat":21.0560673}},"location":{"lng":105.9156477,"lat":21.0461519},"location_type":"APPROXIMATE"},"address_components":[{"long_name":"Vinhomes Riverside","types":["neighborhood","political"],"short_name":"Vinhomes Riverside"},{"long_name":"Phúc Lợi","types":["sublocality_level_1","sublocality","political"],"short_name":"Phúc Lợi"},{"long_name":"Long Biên","types":["administrative_area_level_2","political"],"short_name":"Long Biên"},{"long_name":"Hanoi","types":["administrative_area_level_1","political"],"short_name":"Hanoi"},{"long_name":"Vietnam","types":["country","political"],"short_name":"VN"}]},"_id":"54cb06bed595672946e5d97a","url":"http://batdongsan.com.vn/ban-dat-nen-du-an-duong-bang-lang-phuong-viet-hung-2-prj-vinhomes-riverside/lo-vang-lien-ke-biet-thu-long-bien-pr6421446","gia":"47 triệu/m²"}
    }, {
      "_index" : "hpc",
      "_type" : "data",
      "_id" : "54cb0c0ed595672946e5e0b4",
      "_score" : 1.2985893,
      "_source":{"diachi":"Dự án Arista Villas, Thủ Đức, Hồ Chí Minh","loaibds":"Bán đất nền dự án (đất trong dự án quy hoạch)","dientich":"250m²","location":{"formatted_address":"Thủ Đức, Ho Chi Minh, Vietnam","types":["administrative_area_level_2","political"],"partial_match":true,"geometry":{"viewport":{"southwest":{"lng":106.6974617,"lat":10.8134147},"northeast":{"lng":106.8082762,"lat":10.8966577}},"bounds":{"southwest":{"lng":106.6974617,"lat":10.8134147},"northeast":{"lng":106.8082762,"lat":10.8966577}},"location":{"lng":106.7537055,"lat":10.8494094},"location_type":"APPROXIMATE"},"address_components":[{"long_name":"Thủ Đức","types":["administrative_area_level_2","political"],"short_name":"Thủ Đức"},{"long_name":"Ho Chi Minh","types":["administrative_area_level_1","political"],"short_name":"Ho Chi Minh"},{"long_name":"Vietnam","types":["country","political"],"short_name":"VN"}]},"_id":"54cb0c0ed595672946e5e0b4","url":"http://batdongsan.com.vn/ban-dat-nen-du-an-duong-quoc-lo-13-phuong-hiep-binh-chanh-prj-arista-villas/hot-biet-thu-arrista-thu-duc-thanh-toan-20-nhan-lh-mr-tai-0907-297-198-pr5453376","gia":"10.4 triệu/m²"}
    }, {
      "_index" : "hpc",
      "_type" : "data",
      "_id" : "54cb0c7cd595672946e5e170",
      "_score" : 1.2985893,
      "_source":{"diachi":"Dự án An Phú An Khánh, Quận 2, Hồ Chí Minh","loaibds":"Bán đất nền dự án (đất trong dự án quy hoạch)","dientich":"300m²","location":{"formatted_address":"An Phú, An Phú, Quận 2, Hồ Chí Minh, Vietnam","types":["route"],"partial_match":true,"geometry":{"viewport":{"southwest":{"lng":106.7504404197085,"lat":10.8054669},"northeast":{"lng":106.7531383802915,"lat":10.8081885}},"bounds":{"southwest":{"lng":106.7509814,"lat":10.8054669},"northeast":{"lng":106.7525974,"lat":10.8081885}},"location":{"lng":106.7516707,"lat":10.8067197},"location_type":"GEOMETRIC_CENTER"},"address_components":[{"long_name":"An Phú","types":["route"],"short_name":"An Phú"},{"long_name":"An Phú","types":["sublocality_level_1","sublocality","political"],"short_name":"An Phú"},{"long_name":"Quận 2","types":["administrative_area_level_2","political"],"short_name":"Quận 2"},{"long_name":"Hồ Chí Minh","types":["administrative_area_level_1","political"],"short_name":"Hồ Chí Minh"},{"long_name":"Vietnam","types":["country","political"],"short_name":"VN"}]},"_id":"54cb0c7cd595672946e5e170","url":"http://batdongsan.com.vn/ban-dat-nen-du-an-phuong-an-phu-prj-an-phu-an-khanh/khh-15x20m-gia-35tr-m2-0938606612-pr6003264","gia":"35 triệu/m²"}
    } ]
  },
  "facets" : {
    "diachi 100m²" : {
      "_type" : "terms",
      "missing" : 0,
      "total" : 20265,
      "other" : 5502,
      "terms" : [ {
        "term" : "bán",
        "count" : 3226
      }, {
        "term" : "cư",
        "count" : 2087
      }, {
        "term" : "hộ",
        "count" : 2071
      }, {
        "term" : "căn",
        "count" : 2071
      }, {
        "term" : "chung",
        "count" : 2071
      }, {
        "term" : "nhà",
        "count" : 1349
      }, {
        "term" : "riêng",
        "count" : 614
      }, {
        "term" : "đất",
        "count" : 551
      }, {
        "term" : "thuê",
        "count" : 443
      }, {
        "term" : "cho",
        "count" : 280
      } ]
    }
  }
}
