{ "index" : { "_index" : "lidb", "_type" : "subscriber", "_id" : "8004441616" } }
{ "telno" : "8004441616", "cnam" : "SUNNY SUNGLASS", "o" : "Sunny's Sunglasses", "city" : "San Dimas", "state" : "CA", "latitude" : 34.102908, "longitude" : -117.816249, "location" : [ -117.816249, 34.102908 ] }
{ "index" : { "_index" : "lidb", "_type" : "subscriber", "_id" : "8004442626" } }
{ "telno" : "8004442626", "cnam" : "RAINY SUNGLASS", "o" : "Rainy's Sunglasses", "city" : "San Dimas", "state" : "CA", "latitude" : 34.102908, "longitude" : -117.816249, "location" : [ -117.816249, 34.102908 ] }
{ "index" : { "_index" : "lidb", "_type" : "locality", "_id" : "1" } }
{ "city" : "Abbeville", "state" : "AL", "latitude" : 31.566367, "longitude" : -85.251300, "location" : [ -85.251300, 31.566367 ] }
{ "index" : { "_index" : "lidb", "_type" : "locality", "_id" : "2" } }
{ "city" : "San Carlos", "state" : "CA", "latitude" : 37.499187, "longitude" : -122.263278, "location" : [ -122.263278, 37.499187 ] }
{ "index" : { "_index" : "lidb", "_type" : "locality", "_id" : "3" } }
{ "city" : "San Clemente", "state" : "CA", "latitude" : 33.437828, "longitude" : -117.620397, "location" : [ -117.620397, 33.437828 ] }
{ "index" : { "_index" : "lidb", "_type" : "locality", "_id" : "4" } }
{ "city" : "Sand City", "state" : "CA", "latitude" : 36.614759, "longitude" : -121.850060, "location" : [ -121.850060, 36.614759 ] }
{ "index" : { "_index" : "lidb", "_type" : "locality", "_id" : "5" } }
{ "city" : "San Diego", "state" : "CA", "latitude" : 32.779541, "longitude" : -117.146344, "location" : [ -117.146344, 32.779541 ] }
{ "index" : { "_index" : "lidb", "_type" : "locality", "_id" : "6" } }
{ "city" : "San Diego Country Estates", "state" : "CA", "latitude" : 33.002636, "longitude" : -116.799005, "location" : [ -116.799005, 33.002636 ] }
{ "index" : { "_index" : "lidb", "_type" : "locality", "_id" : "7" } }
{ "city" : "San Dimas", "state" : "CA", "latitude" : 34.102908, "longitude" : -117.816249, "location" : [ -117.816249, 34.102908 ] }
{ "index" : { "_index" : "lidb", "_type" : "locality", "_id" : "8" } }
{ "city" : "San Fernando", "state" : "CA", "latitude" : 34.287251, "longitude" : -118.438836, "location" : [ -118.438836, 34.287251 ] }
{ "index" : { "_index" : "lidb", "_type" : "locality", "_id" : "9" } }
{ "city" : "San Francisco", "state" : "CA", "latitude" : 37.759881, "longitude" : -122.437392, "location" : [ -122.437392, 37.759881 ] }
{ "index" : { "_index" : "lidb", "_type" : "locality", "_id" : "10" } }
{ "city" : "San Gabriel", "state" : "CA", "latitude" : 34.094176, "longitude" : -118.098449, "location" : [ -118.098449, 34.094176 ] }
{ "index" : { "_index" : "lidb", "_type" : "locality", "_id" : "11" } }
{ "city" : "New York Mills", "state" : "MN", "latitude" : 46.519423, "longitude" : -95.373026, "location" : [ -95.373026, 46.519423 ] }
{ "index" : { "_index" : "lidb", "_type" : "locality", "_id" : "12" } }
{ "city" : "West New York", "state" : "NJ", "latitude" : 40.788400, "longitude" : -74.013090, "location" : [ -74.013090, 40.788400 ] }
{ "index" : { "_index" : "lidb", "_type" : "locality", "_id" : "13" } }
{ "city" : "Albuquerque", "state" : "NM", "latitude" : 35.110703, "longitude" : -106.609991, "location" : [ -106.609991, 35.110703 ] }
{ "index" : { "_index" : "lidb", "_type" : "locality", "_id" : "14" } }
{ "city" : "New York", "state" : "NY", "latitude" : 40.704234, "longitude" : -73.917927, "location" : [ -73.917927, 40.704234 ] }
{ "index" : { "_index" : "lidb", "_type" : "locality", "_id" : "15" } }
{ "city" : "New York Mills", "state" : "NY", "latitude" : 43.102569, "longitude" : -75.292105, "location" : [ -75.292105, 43.102569 ] }
{ "index" : { "_index" : "lidb", "_type" : "locality", "_id" : "16" } }
{ "city" : "Niagara Falls", "state" : "NY", "latitude" : 43.094305, "longitude" : -79.017339, "location" : [ -79.017339, 43.094305 ] }
{ "index" : { "_index" : "lidb", "_type" : "locality", "_id" : "17" } }
{ "city" : "Yoder", "state" : "WY", "latitude" : 41.917560, "longitude" : -104.295060, "location" : [ -104.295060, 41.917560 ] }