{
  "hpc" : {
    "mappings" : {
      "data" : {
        "properties" : {
          "diachi" : {
            "type" : "string"
          },
          "dientich" : {
            "type" : "string"
          },
          "duong" : {
            "type" : "string"
          },
          "gia" : {
            "type" : "string"
          },
          "huong" : {
            "type" : "string"
          },
          "loaibds" : {
            "type" : "string"
          },
          "location" : {
            "properties" : {
              "address_components" : {
                "properties" : {
                  "long_name" : {
                    "type" : "string"
                  },
                  "short_name" : {
                    "type" : "string"
                  },
                  "types" : {
                    "type" : "string"
                  }
                }
              },
              "formatted_address" : {
                "type" : "string"
              },
              "geometry" : {
                "properties" : {
                  "bounds" : {
                    "properties" : {
                      "northeast" : {
                        "properties" : {
                          "lat" : {
                            "type" : "double"
                          },
                          "lng" : {
                            "type" : "double"
                          }
                        }
                      },
                      "southwest" : {
                        "properties" : {
                          "lat" : {
                            "type" : "double"
                          },
                          "lng" : {
                            "type" : "double"
                          }
                        }
                      }
                    }
                  },
                  "location" : {
                    "properties" : {
                      "lat" : {
                        "type" : "double"
                      },
                      "lng" : {
                        "type" : "double"
                      }
                    }
                  },
                  "location_type" : {
                    "type" : "string"
                  },
                  "viewport" : {
                    "properties" : {
                      "northeast" : {
                        "properties" : {
                          "lat" : {
                            "type" : "double"
                          },
                          "lng" : {
                            "type" : "double"
                          }
                        }
                      },
                      "southwest" : {
                        "properties" : {
                          "lat" : {
                            "type" : "double"
                          },
                          "lng" : {
                            "type" : "double"
                          }
                        }
                      }
                    }
                  }
                }
              },
              "partial_match" : {
                "type" : "boolean"
              },
              "types" : {
                "type" : "string"
              }
            }
          },
          "mabds" : {
            "type" : "string"
          },
          "ngaydang" : {
            "type" : "string"
          },
          "ngayhethan" : {
            "type" : "string"
          },
          "phaply" : {
            "type" : "string"
          },
          "phongoc" : {
            "type" : "string"
          },
          "quanhuyen" : {
            "type" : "string"
          },
          "sodienthoai" : {
            "type" : "string"
          },
          "sotang" : {
            "type" : "string"
          },
          "trangthai" : {
            "type" : "string"
          },
          "url" : {
            "type" : "string"
          },
          "vitri" : {
            "type" : "string"
          }
        }
      }
    }
  }
}
