{
	"data": {
		"properties": {
		
			"location": {
			
				"properties": {
							
					"geometry": {
					
						"properties": {
						
							"viewport": {
								"properties": {
									"southwest": {"type": "geo_point"},
									"northeast": {"type": "geo_point"}
								}
							},
							
							"bounds": {
								"properties": {
									"southwest": {"type": "geo_point"},
									"northeast": {"type": "geo_point"}
								}
							},
							
							"location": {"type": "geo_point"}					
							
						}
					}
				}
			}
		}
	}	
}